{
    "biome": "AncientRuins",
    "objects": [
        {
            "key": "relic",
            "value": 1
        },
        {
            "key": "haz4",
            "value": 31
        },
        {
            "key": "roach",
            "value": 11
        },
        {
            "key": "ancient",
            "value": 15
        },
        {
            "key": "winston",
            "value": 1
        },
        {
            "key": "relicfish",
            "value": 8
        },
        {
            "key": "ore",
            "value": 7
        },
        {
            "key": "tree",
            "value": 11
        },
        {
            "key": "golem",
            "value": 1
        }
    ]
}