{
    "biome": "AncientRuins",
    "objects": [
        {
            "key": "haz4",
            "value": 35
        },
        {
            "key": "tree",
            "value": 12
        },
        {
            "key": "relicfish",
            "value": 5
        },
        {
            "key": "winston",
            "value": 1
        },
        {
            "key": "ancient",
            "value": 14
        },
        {
            "key": "roach",
            "value": 10
        },
        {
            "key": "ore",
            "value": 12
        },
        {
            "key": "relic",
            "value": 1
        },
        {
            "key": "chest",
            "value": 1
        }
    ]
}