{
    "biome": "AncientRuins",
    "objects": [
        {
            "key": "relic",
            "value": 6
        },
        {
            "key": "roach",
            "value": 13
        },
        {
            "key": "tree",
            "value": 17
        },
        {
            "key": "ancient",
            "value": 14
        },
        {
            "key": "ore",
            "value": 6
        },
        {
            "key": "relicfish",
            "value": 11
        },
        {
            "key": "haz4",
            "value": 23
        }
    ]
}