{
    "biome": "AncientRuins",
    "objects": [
        {
            "key": "ancient",
            "value": 11
        },
        {
            "key": "tree",
            "value": 8
        },
        {
            "key": "haz4",
            "value": 33
        },
        {
            "key": "ore",
            "value": 5
        },
        {
            "key": "relic",
            "value": 6
        },
        {
            "key": "winston",
            "value": 1
        },
        {
            "key": "roach",
            "value": 11
        },
        {
            "key": "relicfish",
            "value": 9
        },
        {
            "key": "golem",
            "value": 1
        }
    ]
}