{
    "biome": "AncientRuins",
    "objects": [
        {
            "key": "haz4",
            "value": 31
        },
        {
            "key": "ancient",
            "value": 16
        },
        {
            "key": "tree",
            "value": 10
        },
        {
            "key": "roach",
            "value": 9
        },
        {
            "key": "relic",
            "value": 6
        },
        {
            "key": "ore",
            "value": 10
        },
        {
            "key": "relicfish",
            "value": 4
        },
        {
            "key": "winston",
            "value": 1
        },
        {
            "key": "chest",
            "value": 1
        }
    ]
}