{
    "biome": "AncientRuins",
    "objects": [
        {
            "key": "haz4",
            "value": 32
        },
        {
            "key": "tree",
            "value": 11
        },
        {
            "key": "roach",
            "value": 13
        },
        {
            "key": "ancient",
            "value": 19
        },
        {
            "key": "relicfish",
            "value": 8
        },
        {
            "key": "ore",
            "value": 2
        },
        {
            "key": "relic",
            "value": 5
        }
    ]
}