{
    "biome": "AncientRuins",
    "objects": [
        {
            "key": "roach",
            "value": 15
        },
        {
            "key": "ore",
            "value": 10
        },
        {
            "key": "relicfish",
            "value": 8
        },
        {
            "key": "relic",
            "value": 2
        },
        {
            "key": "ancient",
            "value": 18
        },
        {
            "key": "haz4",
            "value": 21
        },
        {
            "key": "tree",
            "value": 14
        }
    ]
}