{
    "biome": "AncientRuins",
    "objects": [
        {
            "key": "tree",
            "value": 15
        },
        {
            "key": "roach",
            "value": 8
        },
        {
            "key": "relicfish",
            "value": 12
        },
        {
            "key": "relic",
            "value": 4
        },
        {
            "key": "chest",
            "value": 2
        },
        {
            "key": "haz4",
            "value": 23
        },
        {
            "key": "ore",
            "value": 4
        },
        {
            "key": "ancient",
            "value": 18
        },
        {
            "key": "winston",
            "value": 1
        },
        {
            "key": "golem",
            "value": 1
        }
    ]
}