{
    "biome": "AncientRuins",
    "objects": [
        {
            "key": "roach",
            "value": 7
        },
        {
            "key": "haz4",
            "value": 33
        },
        {
            "key": "ancient",
            "value": 14
        },
        {
            "key": "tree",
            "value": 9
        },
        {
            "key": "ore",
            "value": 12
        },
        {
            "key": "relic",
            "value": 3
        },
        {
            "key": "relicfish",
            "value": 6
        },
        {
            "key": "pirate",
            "value": 1
        }
    ]
}