{
    "biome": "AncientRuins",
    "objects": [
        {
            "key": "ancient",
            "value": 16
        },
        {
            "key": "ore",
            "value": 10
        },
        {
            "key": "haz4",
            "value": 20
        },
        {
            "key": "roach",
            "value": 15
        },
        {
            "key": "winston",
            "value": 1
        },
        {
            "key": "chest",
            "value": 1
        },
        {
            "key": "tree",
            "value": 15
        },
        {
            "key": "relic",
            "value": 1
        },
        {
            "key": "relicfish",
            "value": 3
        },
        {
            "key": "golem",
            "value": 1
        }
    ]
}