{
    "biome": "AncientRuins",
    "objects": [
        {
            "key": "relicfish",
            "value": 6
        },
        {
            "key": "ancient",
            "value": 14
        },
        {
            "key": "haz4",
            "value": 29
        },
        {
            "key": "roach",
            "value": 14
        },
        {
            "key": "tree",
            "value": 8
        },
        {
            "key": "ore",
            "value": 9
        },
        {
            "key": "winston",
            "value": 1
        },
        {
            "key": "pirate",
            "value": 1
        }
    ]
}