{
    "biome": "AncientRuins",
    "objects": [
        {
            "key": "tree",
            "value": 15
        },
        {
            "key": "ancient",
            "value": 13
        },
        {
            "key": "roach",
            "value": 13
        },
        {
            "key": "haz4",
            "value": 21
        },
        {
            "key": "ore",
            "value": 5
        },
        {
            "key": "relicfish",
            "value": 11
        },
        {
            "key": "winston",
            "value": 1
        },
        {
            "key": "relic",
            "value": 2
        },
        {
            "key": "chest",
            "value": 1
        }
    ]
}