{
    "biome": "AncientRuins",
    "objects": [
        {
            "key": "haz4",
            "value": 30
        },
        {
            "key": "relicfish",
            "value": 8
        },
        {
            "key": "ancient",
            "value": 13
        },
        {
            "key": "winston",
            "value": 1
        },
        {
            "key": "roach",
            "value": 16
        },
        {
            "key": "tree",
            "value": 13
        },
        {
            "key": "ore",
            "value": 6
        }
    ]
}