{
    "biome": "AncientRuins",
    "objects": [
        {
            "key": "haz4",
            "value": 24
        },
        {
            "key": "roach",
            "value": 17
        },
        {
            "key": "tree",
            "value": 14
        },
        {
            "key": "relicfish",
            "value": 8
        },
        {
            "key": "relic",
            "value": 6
        },
        {
            "key": "ore",
            "value": 8
        },
        {
            "key": "winston",
            "value": 1
        },
        {
            "key": "ancient",
            "value": 7
        }
    ]
}