{
    "biome": "AncientRuins",
    "objects": [
        {
            "key": "haz4",
            "value": 29
        },
        {
            "key": "tree",
            "value": 8
        },
        {
            "key": "roach",
            "value": 14
        },
        {
            "key": "relicfish",
            "value": 5
        },
        {
            "key": "ancient",
            "value": 16
        },
        {
            "key": "chest",
            "value": 2
        },
        {
            "key": "ore",
            "value": 4
        },
        {
            "key": "relic",
            "value": 4
        }
    ]
}