{
    "biome": "AncientRuins",
    "objects": [
        {
            "key": "roach",
            "value": 16
        },
        {
            "key": "haz4",
            "value": 35
        },
        {
            "key": "tree",
            "value": 12
        },
        {
            "key": "ancient",
            "value": 12
        },
        {
            "key": "relicfish",
            "value": 8
        },
        {
            "key": "ore",
            "value": 7
        },
        {
            "key": "relic",
            "value": 1
        },
        {
            "key": "chest",
            "value": 1
        },
        {
            "key": "golem",
            "value": 1
        }
    ]
}