{
    "biome": "AncientRuins",
    "objects": [
        {
            "key": "tree",
            "value": 11
        },
        {
            "key": "ore",
            "value": 9
        },
        {
            "key": "relicfish",
            "value": 12
        },
        {
            "key": "ancient",
            "value": 9
        },
        {
            "key": "roach",
            "value": 13
        },
        {
            "key": "haz4",
            "value": 29
        },
        {
            "key": "winston",
            "value": 1
        },
        {
            "key": "chest",
            "value": 1
        }
    ]
}