{
    "biome": "AncientRuins",
    "objects": [
        {
            "key": "ore",
            "value": 8
        },
        {
            "key": "haz4",
            "value": 25
        },
        {
            "key": "tree",
            "value": 14
        },
        {
            "key": "roach",
            "value": 14
        },
        {
            "key": "ancient",
            "value": 17
        },
        {
            "key": "winston",
            "value": 1
        },
        {
            "key": "relic",
            "value": 4
        },
        {
            "key": "relicfish",
            "value": 2
        }
    ]
}