{
    "biome": "AncientRuins",
    "objects": [
        {
            "key": "haz4",
            "value": 25
        },
        {
            "key": "chest",
            "value": 1
        },
        {
            "key": "roach",
            "value": 7
        },
        {
            "key": "tree",
            "value": 9
        },
        {
            "key": "ore",
            "value": 11
        },
        {
            "key": "relicfish",
            "value": 5
        },
        {
            "key": "ancient",
            "value": 17
        },
        {
            "key": "relic",
            "value": 3
        }
    ]
}