{
    "biome": "AncientRuins",
    "objects": [
        {
            "key": "haz4",
            "value": 31
        },
        {
            "key": "ore",
            "value": 10
        },
        {
            "key": "ancient",
            "value": 12
        },
        {
            "key": "relicfish",
            "value": 8
        },
        {
            "key": "tree",
            "value": 5
        },
        {
            "key": "winston",
            "value": 1
        },
        {
            "key": "roach",
            "value": 6
        }
    ]
}