{
    "biome": "AncientRuins",
    "objects": [
        {
            "key": "ancient",
            "value": 17
        },
        {
            "key": "tree",
            "value": 15
        },
        {
            "key": "ore",
            "value": 11
        },
        {
            "key": "roach",
            "value": 16
        },
        {
            "key": "relicfish",
            "value": 9
        },
        {
            "key": "haz4",
            "value": 22
        },
        {
            "key": "winston",
            "value": 1
        }
    ]
}