{
    "biome": "AncientRuins",
    "objects": [
        {
            "key": "haz4",
            "value": 19
        },
        {
            "key": "ancient",
            "value": 14
        },
        {
            "key": "relic",
            "value": 4
        },
        {
            "key": "ore",
            "value": 7
        },
        {
            "key": "tree",
            "value": 16
        },
        {
            "key": "roach",
            "value": 14
        },
        {
            "key": "winston",
            "value": 1
        },
        {
            "key": "relicfish",
            "value": 7
        },
        {
            "key": "chest",
            "value": 2
        },
        {
            "key": "golem",
            "value": 1
        }
    ]
}