{
    "biome": "AncientRuins",
    "objects": [
        {
            "key": "roach",
            "value": 12
        },
        {
            "key": "relicfish",
            "value": 6
        },
        {
            "key": "haz4",
            "value": 20
        },
        {
            "key": "ancient",
            "value": 20
        },
        {
            "key": "tree",
            "value": 18
        },
        {
            "key": "relic",
            "value": 3
        },
        {
            "key": "ore",
            "value": 5
        },
        {
            "key": "winston",
            "value": 1
        },
        {
            "key": "golem",
            "value": 1
        }
    ]
}