{
    "biome": "AncientRuins",
    "objects": [
        {
            "key": "ancient",
            "value": 12
        },
        {
            "key": "ore",
            "value": 7
        },
        {
            "key": "haz4",
            "value": 23
        },
        {
            "key": "tree",
            "value": 6
        },
        {
            "key": "chest",
            "value": 3
        },
        {
            "key": "roach",
            "value": 10
        },
        {
            "key": "relicfish",
            "value": 15
        },
        {
            "key": "relic",
            "value": 4
        }
    ]
}