{
    "biome": "AncientRuins",
    "objects": [
        {
            "key": "ancient",
            "value": 10
        },
        {
            "key": "ore",
            "value": 3
        },
        {
            "key": "haz4",
            "value": 32
        },
        {
            "key": "roach",
            "value": 15
        },
        {
            "key": "tree",
            "value": 9
        },
        {
            "key": "relicfish",
            "value": 5
        },
        {
            "key": "relic",
            "value": 1
        },
        {
            "key": "winston",
            "value": 1
        }
    ]
}