{
    "biome": "AncientRuins",
    "objects": [
        {
            "key": "haz4",
            "value": 25
        },
        {
            "key": "tree",
            "value": 10
        },
        {
            "key": "relicfish",
            "value": 8
        },
        {
            "key": "ancient",
            "value": 13
        },
        {
            "key": "roach",
            "value": 12
        },
        {
            "key": "ore",
            "value": 8
        },
        {
            "key": "relic",
            "value": 4
        },
        {
            "key": "winston",
            "value": 1
        }
    ]
}