{
    "biome": "AncientRuins",
    "objects": [
        {
            "key": "tree",
            "value": 6
        },
        {
            "key": "chest",
            "value": 2
        },
        {
            "key": "haz4",
            "value": 31
        },
        {
            "key": "ancient",
            "value": 12
        },
        {
            "key": "roach",
            "value": 13
        },
        {
            "key": "relic",
            "value": 3
        },
        {
            "key": "ore",
            "value": 11
        },
        {
            "key": "relicfish",
            "value": 7
        },
        {
            "key": "winston",
            "value": 1
        }
    ]
}