{
    "biome": "AncientRuins",
    "objects": [
        {
            "key": "roach",
            "value": 15
        },
        {
            "key": "ancient",
            "value": 22
        },
        {
            "key": "haz4",
            "value": 24
        },
        {
            "key": "relicfish",
            "value": 7
        },
        {
            "key": "tree",
            "value": 8
        },
        {
            "key": "winston",
            "value": 1
        },
        {
            "key": "ore",
            "value": 5
        },
        {
            "key": "relic",
            "value": 3
        }
    ]
}