{
    "biome": "AncientRuins",
    "objects": [
        {
            "key": "haz4",
            "value": 27
        },
        {
            "key": "relicfish",
            "value": 7
        },
        {
            "key": "ancient",
            "value": 11
        },
        {
            "key": "ore",
            "value": 9
        },
        {
            "key": "tree",
            "value": 19
        },
        {
            "key": "roach",
            "value": 11
        },
        {
            "key": "winston",
            "value": 1
        },
        {
            "key": "relic",
            "value": 4
        },
        {
            "key": "golem",
            "value": 1
        }
    ]
}