{
    "biome": "AncientRuins",
    "objects": [
        {
            "key": "haz4",
            "value": 22
        },
        {
            "key": "relic",
            "value": 3
        },
        {
            "key": "ancient",
            "value": 11
        },
        {
            "key": "tree",
            "value": 17
        },
        {
            "key": "ore",
            "value": 10
        },
        {
            "key": "roach",
            "value": 10
        },
        {
            "key": "relicfish",
            "value": 5
        },
        {
            "key": "winston",
            "value": 1
        },
        {
            "key": "chest",
            "value": 1
        }
    ]
}