{
    "biome": "AncientRuins",
    "objects": [
        {
            "key": "tree",
            "value": 15
        },
        {
            "key": "roach",
            "value": 17
        },
        {
            "key": "haz4",
            "value": 26
        },
        {
            "key": "relic",
            "value": 3
        },
        {
            "key": "relicfish",
            "value": 8
        },
        {
            "key": "ancient",
            "value": 8
        },
        {
            "key": "ore",
            "value": 3
        }
    ]
}