{
    "biome": "AncientRuins",
    "objects": [
        {
            "key": "relic",
            "value": 2
        },
        {
            "key": "haz4",
            "value": 27
        },
        {
            "key": "roach",
            "value": 9
        },
        {
            "key": "ancient",
            "value": 11
        },
        {
            "key": "winston",
            "value": 1
        },
        {
            "key": "relicfish",
            "value": 10
        },
        {
            "key": "tree",
            "value": 13
        },
        {
            "key": "ore",
            "value": 13
        }
    ]
}