{
    "biome": "AncientRuins",
    "objects": [
        {
            "key": "tree",
            "value": 13
        },
        {
            "key": "haz4",
            "value": 22
        },
        {
            "key": "ancient",
            "value": 16
        },
        {
            "key": "ore",
            "value": 12
        },
        {
            "key": "relic",
            "value": 6
        },
        {
            "key": "roach",
            "value": 11
        },
        {
            "key": "relicfish",
            "value": 5
        },
        {
            "key": "winston",
            "value": 1
        }
    ]
}